https://i.ibb.co/zrhzp3T/a.jpg,https://i.ibb.co/tzZ5c83/a1.jpg,https://i.ibb.co/nDqL94x/a2.jpg
https://i.ibb.co/gjMF3nJ/b.jpg,https://i.ibb.co/zh3XP1b/b1.jpg,https://i.ibb.co/pQSSGLf/b2.jpg
https://i.ibb.co/LYdHRzp/c.jpg,https://i.ibb.co/dLN70wg/c1.jpg,https://i.ibb.co/hFpxfQ6/c2.jpg
https://i.ibb.co/zNMSqvw/d.jpg,https://i.ibb.co/PgyXQT1/d1.jpg,https://i.ibb.co/vQPx7Xw/d2.jpg
https://i.ibb.co/r5SZRxz/e.jpg,https://i.ibb.co/2SXBsR3/e1.jpg,https://i.ibb.co/ckdVv7N/e2.jpg
https://i.ibb.co/5crYkHQ/f.jpg,https://i.ibb.co/9t13Qvp/f1.jpg,https://i.ibb.co/tcpKy8r/f2.jpg
https://i.ibb.co/TtB9vFy/g.jpg,https://i.ibb.co/J7cWbG6/g1.jpg,https://i.ibb.co/tKhbN9Q/g2.jpg
https://i.ibb.co/C01rPpb/h.jpg,https://i.ibb.co/9hWp1XG/h1.jpg,https://i.ibb.co/2ZDSFvd/h2.jpg
https://i.ibb.co/yXrjCdG/j.jpg,https://i.ibb.co/Jz9Tm6J/j1.jpg,https://i.ibb.co/7SWYWDq/j2.jpg
https://i.ibb.co/236KbMQ/k.jpg,https://i.ibb.co/Svqq6t5/k1.jpg,https://i.ibb.co/1b8ycZC/k2.jpg
https://i.ibb.co/QPWMft6/l.jpg,https://i.ibb.co/9ntNZpN/l1.jpg,https://i.ibb.co/PMz5L0K/l2.jpg
https://i.ibb.co/r5SZRxz/e.jpg,https://i.ibb.co/pQSSGLf/b2.jpg,https://i.ibb.co/9ntNZpN/l1.jpg